coord,Stage 1,Stage 2,Stage 3,Stage 4,Stage 5
0,,0.031204065,,-0.025541767,0.005097103
